Workbook

Sheet 보고서
A1: 등촌2동 520-3 에너지믹스 검토 보고서
A2: 1. 사업지 개요 | F2: =TODAY() -> 46080
A3: =Sheet1!A1 -> 연면적 | B3: =Sheet1!B1 -> 220,722 m² | D3: =Sheet1!D1 -> 세대수 | E3: =Sheet1!E1 -> 2235 세대
A4: =Sheet1!A2 -> 평균 전용면적 | B4: =Sheet1!B2 -> 72 m² | D4: 에너지믹스 방향 | E4: ZEB 5 기반, 투자비 최소화
A5: 2. 투자비 산출 요약
A6: =Sheet1!A4 -> 지열 설치용량 | B6: =Sheet1!B4 -> 3140 kW | D6: =Sheet1!D4 -> PV 설치용량 | E6: =Sheet1!E4 -> 1712 kWp
A7: =Sheet1!A5 -> BAPV 설치용량 | B7: =Sheet1!B5 -> — | D7: =Sheet1!D5 -> BIPV 설치용량 | E7: =Sheet1!E5 -> —
A8: =Sheet1!A6 -> 1차에너지 소요량 | B8: =Sheet1!B6 -> 26,486,640 kWh/yr | D8: =Sheet1!D6 -> 1차에너지생산량 | E8: =Sheet1!E6 -> 5,427,320 kWh/yr
A9: =Sheet1!A7 -> 자립률 | B9: =Sheet1!B7 -> 20.5% | D9: =Sheet1!D7 -> ZEB 등급 | E9: =Sheet1!E7 -> 5등급
A10: 3. 경제성 분석 요약
A11: 신재생 추가 투자비 | B11: =Sheet1!B9 -> 5,181,851,000원 | D11: =Sheet1!D9 -> 취득세 절감 | E11: =Sheet1!E9 -> 2,615,555,700원
A12: =Sheet1!A10 -> 연간 전력 사용량 | B12: =Sheet1!B10 -> 3,611,815 kWh/yr | D12: =Sheet1!D10 -> 연간 가스 사용량 | E12: =Sheet1!E10 -> 15,049,227 kWh/yr
A13: 전기 단가(SMP) | B13: =Sheet1!B11 -> 100 원/kWh | D13: =Sheet1!D11 -> 가스 단가 | E13: =Sheet1!E11 -> 22 원/MJ
A14: =Sheet1!A12 -> 전력요금 절감 | B14: =Sheet1!B12 -> 135,144,552원/yr | D14: =Sheet1!D12 -> 가스요금 절감 | E14: =Sheet1!E12 -> 134,006,804원/yr
A15: =Sheet1!A13 -> 총 에너지비용 절감 | B15: =Sheet1!B13 -> 269,151,355원/yr | D15: =Sheet1!D13 -> 간이 투자회수기간 | E15: =Sheet1!E13 -> 9.5년
A16: =Sheet1!A14 -> NPV | B16: =Sheet1!B14 -> 533,218,244원 | D16: =Sheet1!D14 -> IRR | E16: =Sheet1!E14 -> 6.63%
A17: 4. 민감도 분석 요약
A18: =Sheet1!A16 -> 지표 | B18: =Sheet1!B16 -> -10% | C18: =Sheet1!C16 -> -5% | D18: =Sheet1!D16 -> 0% | E18: =Sheet1!E16 -> 5% | F18: =Sheet1!F16 -> 10%
A19: =Sheet1!A17 -> 전력요금 절감 | B19: =Sheet1!B17 -> 135,144,552원 | C19: =Sheet1!C17 -> 135,144,552원 | D19: =Sheet1!D17 -> 135,144,552원 | E19: =Sheet1!E17 -> 135,144,552원 | F19: =Sheet1!F17 -> 135,144,552원
A20: =Sheet1!A18 -> 가스요금 절감 | B20: =Sheet1!B18 -> 134,006,804원 | C20: =Sheet1!C18 -> 134,006,804원 | D20: =Sheet1!D18 -> 134,006,804원 | E20: =Sheet1!E18 -> 134,006,804원 | F20: =Sheet1!F18 -> 134,006,804원
A21: 에너지 절감(20년) | B21: =Sheet1!B19 -> 269,151,355원 | C21: =Sheet1!C19 -> 269,151,355원 | D21: =Sheet1!D19 -> 269,151,355원 | E21: =Sheet1!E19 -> 269,151,355원 | F21: =Sheet1!F19 -> 269,151,355원
A22: =Sheet1!A20 -> 간이투자회수 기간 | B22: =Sheet1!B20 -> 7.6년 | C22: =Sheet1!C20 -> 8.6년 | D22: =Sheet1!D20 -> 9.5년 | E22: =Sheet1!E20 -> 10.5년 | F22: =Sheet1!F20 -> 11.5년
A23: =Sheet1!A21 -> NPV | B23: =Sheet1!B21 -> 1,051,403,344원 | C23: =Sheet1!C21 -> 792,310,794원 | D23: =Sheet1!D21 -> 533,218,244원 | E23: =Sheet1!E21 -> 274,125,694원 | F23: =Sheet1!F21 -> 15,033,144원
A24: =Sheet1!A22 -> IRR | B24: =Sheet1!B22 -> 9.45% | C24: =Sheet1!C22 -> 7.92% | D24: =Sheet1!D22 -> 6.63% | E24: =Sheet1!E22 -> 5.52% | F24: =Sheet1!F22 -> 4.55%
A25: =" (" & Sheet1!A24 & ":"&Sheet1!B24&","&Sheet1!D24&":"&Sheet1!E24&")" -> (민감도 분석 변수:투자비,범위:±10%)
A33: ※ 본 분석보고서는 간이분석 결과로써, 향후 상세설계 결과에 따라 변동될 수 있음

Sheet Sheet1
A1: 연면적 | B1: 220,722 m² | D1: 세대수 | E1: 2235 세대
A2: 평균 전용면적 | B2: 72 m² | D2: 에너지믹스 방향
A4: 지열 설치용량 | B4: 3140 kW | D4: PV 설치용량 | E4: 1712 kWp
A5: BAPV 설치용량 | B5: — | D5: BIPV 설치용량 | E5: —
A6: 1차에너지 소요량 | B6: 26,486,640 kWh/yr | D6: 1차에너지생산량 | E6: 5,427,320 kWh/yr
A7: 자립률 | B7: 20.5% | D7: ZEB 등급 | E7: 5등급
A9: 추가 에너지설비 투자비 | B9: 5,181,851,000원 | D9: 취득세 절감 | E9: 2,615,555,700원
A10: 연간 전력 사용량 | B10: 3,611,815 kWh/yr | D10: 연간 가스 사용량 | E10: 15,049,227 kWh/yr
A11: 전기 단가 | B11: 100 원/kWh | D11: 가스 단가 | E11: 22 원/MJ
A12: 전력요금 절감 | B12: 135,144,552원/yr | D12: 가스요금 절감 | E12: 134,006,804원/yr
A13: 총 에너지비용 절감 | B13: 269,151,355원/yr | D13: 간이 투자회수기간 | E13: 9.5년
A14: NPV | B14: 533,218,244원 | D14: IRR | E14: 6.63%
A16: 지표 | B16: -10% | C16: -5% | D16: 0% | E16: 5% | F16: 10%
A17: 전력요금 절감 | B17: 135,144,552원 | C17: 135,144,552원 | D17: 135,144,552원 | E17: 135,144,552원 | F17: 135,144,552원
A18: 가스요금 절감 | B18: 134,006,804원 | C18: 134,006,804원 | D18: 134,006,804원 | E18: 134,006,804원 | F18: 134,006,804원
A19: 총 에너지비용 절감 | B19: 269,151,355원 | C19: 269,151,355원 | D19: 269,151,355원 | E19: 269,151,355원 | F19: 269,151,355원
A20: 간이투자회수 기간 | B20: 7.6년 | C20: 8.6년 | D20: 9.5년 | E20: 10.5년 | F20: 11.5년
A21: NPV | B21: 1,051,403,344원 | C21: 792,310,794원 | D21: 533,218,244원 | E21: 274,125,694원 | F21: 15,033,144원
A22: IRR | B22: 9.45% | C22: 7.92% | D22: 6.63% | E22: 5.52% | F22: 4.55%
A24: 민감도 분석 변수 | B24: 투자비 | D24: 범위 | E24: ±10%
